"","region","AvgPercentMoisture"
"1","I",76.2767272656753
"2","IIA",73.6960609825876
"3","IIB",69.8917773839074
"4","III",67.1435289301904
"5","IV",59.1611164110657
"6","V",41.8941420235249
